Kathmandu,Asia/Kathmandu
Asia/Katmandu,Asia/Kathmandu
Mazatlan,America/Mazatlan
Skopje,Europe/Skopje
Saskatchewan,America/Regina
London,Europe/London
Tallinn,Europe/Tallinn
Edinburgh,Europe/London
Bangkok,Asia/Bangkok
Almaty,Asia/Almaty
Pacific Time (US & Canada),America/Los_Angeles
Eastern Time (US & Canada),America/New_York
Chihuahua,America/Chihuahua
Chatham Is.,Pacific/Chatham
Kolkata,Asia/Kolkata
Minsk,Europe/Minsk
Yakutsk,Asia/Yakutsk
Kamchatka,Asia/Kamchatka
Tashkent,Asia/Tashkent
Mexico City,America/Mexico_City
Caracas,America/Caracas
Canberra,Australia/Melbourne
Sapporo,Asia/Tokyo
Yerevan,Asia/Yerevan
Islamabad,Asia/Karachi
Monterrey,America/Monterrey
New Delhi,Asia/Kolkata
IST,Asia/Kolkata
Ljubljana,Europe/Ljubljana
New Caledonia,Pacific/Noumea
Kuala Lumpur,Asia/Kuala_Lumpur
Pretoria,Africa/Johannesburg
Volgograd,Europe/Volgograd
Jakarta,Asia/Jakarta
Rome,Europe/Rome
St. Petersburg,Europe/Moscow
Sofia,Europe/Sofia
Guam,Pacific/Guam
Darwin,Australia/Darwin
Budapest,Europe/Budapest
Mountain Time (US & Canada),America/Denver
Ekaterinburg,Asia/Yekaterinburg
Jerusalem,Asia/Jerusalem
Indiana (East),America/Indiana/Indianapolis
Alaska,America/Juneau
West Central Africa,Africa/Algiers
Santiago,America/Santiago
Quito,America/Lima
Rangoon,Asia/Rangoon
Hobart,Australia/Hobart
Azores,Atlantic/Azores
Brasilia,America/Sao_Paulo
Vladivostok,Asia/Vladivostok
Cairo,Africa/Cairo
Paris,Europe/Paris
Vilnius,Europe/Vilnius
Solomon Is.,Pacific/Guadalcanal
Hanoi,Asia/Bangkok
Adelaide,Australia/Adelaide
La Paz,America/La_Paz
Tokelau Is.,Pacific/Fakaofo
Arizona,America/Phoenix
Tijuana,America/Tijuana
Lima,America/Lima
Tehran,Asia/Tehran
Novosibirsk,Asia/Novosibirsk
Mid-Atlantic,Atlantic/South_Georgia
Newfoundland,America/St_Johns
Bogota,America/Bogota
Karachi,Asia/Karachi
Harare,Africa/Harare
Kabul,Asia/Kabul
Srednekolymsk,Asia/Srednekolymsk
Tokyo,Asia/Tokyo
Baku,Asia/Baku
Nuku'alofa,Pacific/Tongatapu
Riga,Europe/Riga
International Date Line West,Pacific/Midway
Samoa,Pacific/Apia
Montevideo,America/Montevideo
UTC,Etc/UTC
Helsinki,Europe/Helsinki
Astana,Asia/Dhaka
Riyadh,Asia/Riyadh
Singapore,Asia/Singapore
Nairobi,Africa/Nairobi
Kuwait,Asia/Kuwait
Irkutsk,Asia/Irkutsk
Seoul,Asia/Seoul
Sarajevo,Europe/Sarajevo
Sri Jayawardenepura,Asia/Colombo
Bern,Europe/Berlin
Dhaka,Asia/Dhaka
Copenhagen,Europe/Copenhagen
Greenland,America/Godthab
Bucharest,Europe/Bucharest
Krasnoyarsk,Asia/Krasnoyarsk
Guadalajara,America/Mexico_City
Monrovia,Africa/Monrovia
Georgetown,America/Guyana
Chennai,Asia/Kolkata
Mumbai,Asia/Kolkata
Midway Island,Pacific/Midway
Prague,Europe/Prague
Port Moresby,Pacific/Port_Moresby
Fiji,Pacific/Fiji
Baghdad,Asia/Baghdad
Warsaw,Europe/Warsaw
Beijing,Asia/Shanghai
Samara,Europe/Samara
Ulaanbaatar,Asia/Ulaanbaatar
Ulaan Baatar,Asia/Ulaanbaatar
Marshall Is.,Pacific/Majuro
Berlin,Europe/Berlin
Urumqi,Asia/Urumqi
Buenos Aires,America/Argentina/Buenos_Aires
Perth,Australia/Perth
Brisbane,Australia/Brisbane
Moscow,Europe/Moscow
Brussels,Europe/Brussels
Abu Dhabi,Asia/Muscat
Kaliningrad,Europe/Kaliningrad
American Samoa,Pacific/Pago_Pago
Wellington,Pacific/Auckland
Muscat,Asia/Muscat
Central Time (US & Canada),America/Chicago
Chongqing,Asia/Chongqing
Bratislava,Europe/Bratislava
Hong Kong,Asia/Hong_Kong
Istanbul,Europe/Istanbul
Hawaii,Pacific/Honolulu
Belgrade,Europe/Belgrade
Atlantic Time (Canada),America/Halifax
Tbilisi,Asia/Tbilisi
Athens,Europe/Athens
Stockholm,Europe/Stockholm
Taipei,Asia/Taipei
Melbourne,Australia/Melbourne
Dublin,Europe/Dublin
Madrid,Europe/Madrid
Kyiv,Europe/Kiev
Auckland,Pacific/Auckland
Zagreb,Europe/Zagreb
Magadan,Asia/Magadan
Osaka,Asia/Tokyo
Casablanca,Africa/Casablanca
Lisbon,Europe/Lisbon
Sydney,Australia/Sydney
Central America,America/Guatemala
Vienna,Europe/Vienna
Cape Verde Is.,Atlantic/Cape_Verde
Amsterdam,Europe/Amsterdam
Asia/Calcutta,Asia/Kolkata
EDT,America/New_York
